{"cameraMode":{"drawMode":0,"name":"Shaded","section":"Shading Mode"},"sceneLighting":true,"audioPlay":false,"sceneViewState":{"m_AlwaysRefresh":false,"showFog":true,"showSkybox":true,"showFlares":true,"showImageEffects":true,"showParticleSystems":true,"showVisualEffectGraphs":true,"m_FxEnabled":true},"in2DMode":false,"pivot":{"x":1.4281257390975953,"y":-4.767336845397949,"z":3.2413463592529299},"rotation":{"x":0.3020296096801758,"y":-0.004288660362362862,"z":0.0013587907887995244,"w":0.9532886147499085},"size":13.502317428588868,"orthographic":false}